Product ID,Product Name,Brand,Price,Discounted Price,Discount Percentage,Unit,Category,Subcategory,Availability,Rating,Image URL,Location Name,Latitude,Longitude,Inventory,Scraped At
329500,Amul Fresh Malai Paneer,Amul,91,91,0,200 g,Dairy & Breakfast - Paneer & Tofu,,In Stock,0,https://cdn.grofers.com/da/cms-assets/cms/product/7a1700ee-dd38-49cf-b34e-171ff84ac0e7.png,Gurgaon,28.3897979,77.27313339999999,37,2025-07-25T19:54:37.253Z
192,Mother Dairy Paneer,Mother Dairy,95,95,0,200 g,Dairy & Breakfast - Paneer & Tofu,,In Stock,0,https://cdn.grofers.com/da/cms-assets/cms/product/090f96a3-3d9a-4c73-a129-323c339caaeb.png,Gurgaon,28.3897979,77.27313339999999,1,2025-07-25T19:54:37.253Z
423857,Mother Dairy Malai Paneer,Mother Dairy,100,100,0,200 g,Dairy & Breakfast - Paneer & Tofu,,In Stock,0,https://cdn.grofers.com/da/cms-assets/cms/product/6cb1c2ea-6af1-496b-a1be-dabf5a6c2d91.png,Gurgaon,28.3897979,77.27313339999999,5,2025-07-25T19:54:37.253Z
553920,Mother Dairy Paneer Family Pack,Mother Dairy,180,180,0,400 g,Dairy & Breakfast - Paneer & Tofu,,In Stock,0,https://cdn.grofers.com/da/cms-assets/cms/product/66144457-13e4-4f26-95e3-47aaa651998d.png,Gurgaon,28.3897979,77.27313339999999,1,2025-07-25T19:54:37.253Z
478895,Country Delight Taaza Paneer,Country Delight,127,127,0,180 g,Dairy & Breakfast - Paneer & Tofu,,In Stock,0,https://cdn.grofers.com/da/cms-assets/cms/product/f4944a58-40c1-402a-9ec8-f8c6d82a661d.png,Gurgaon,28.3897979,77.27313339999999,4,2025-07-25T19:54:37.253Z
78062,Morinaga Silken Extra Firm Tofu,Morinaga,467,467,0,308 g,Dairy & Breakfast - Paneer & Tofu,,In Stock,0,https://cdn.grofers.com/da/cms-assets/cms/product/897985ee-6e83-4206-a3db-3d026ae50f33.png,Gurgaon,28.3897979,77.27313339999999,2,2025-07-25T19:54:37.253Z
111387,So-Lite Tofu,So-Lite,46,46,0,200 g,Dairy & Breakfast - Paneer & Tofu,,In Stock,0,https://cdn.grofers.com/da/cms-assets/cms/product/d0de2d1e-3106-429e-9db2-906ac4be6524.png,Gurgaon,28.3897979,77.27313339999999,7,2025-07-25T19:54:37.253Z
41997,Ananda Premium Paneer,Ananda,100,100,0,200 g,Dairy & Breakfast - Paneer & Tofu,,In Stock,0,https://cdn.grofers.com/da/cms-assets/cms/product/8eb12828-bbca-496f-8755-1fe90a02298f.png,Gurgaon,28.3897979,77.27313339999999,1,2025-07-25T19:54:37.253Z
464422,FruBon Paneer,FruBon,85,85,0,200 g,Dairy & Breakfast - Paneer & Tofu,,In Stock,0,https://cdn.grofers.com/da/cms-assets/cms/product/4f2b2312-8d40-472e-8e06-b0520c70e7f0.png,Gurgaon,28.3897979,77.27313339999999,1,2025-07-25T19:54:37.254Z
191,Amul Malai Paneer,Amul,95,95,0,200 g,Dairy & Breakfast - Paneer & Tofu,,In Stock,0,https://cdn.grofers.com/da/cms-assets/cms/product/73281f49-4924-4f16-ab23-c4652b503257.png,Gurgaon,28.3897979,77.27313339999999,7,2025-07-25T19:54:37.254Z
101875,Mooz Organic Tofu,Mooz,100,100,0,200 g,Dairy & Breakfast - Paneer & Tofu,,In Stock,0,https://cdn.grofers.com/da/cms-assets/cms/product/9caa97a7-6786-4265-ad7f-6755d411a1cf.png,Gurgaon,28.3897979,77.27313339999999,2,2025-07-25T19:54:37.254Z
495335,Now Healthy Tofu (200 g),Now Healthy,41,41,0,200 g,Dairy & Breakfast - Paneer & Tofu,,In Stock,0,https://cdn.grofers.com/da/cms-assets/cms/product/3b791e56-ec50-4d5d-8b04-74bc95009ee1.png,Gurgaon,28.3897979,77.27313339999999,2,2025-07-25T19:54:37.254Z
512612,Whyte Farms Fresh Paneer,Whyte Farms,120,120,0,200 g,Dairy & Breakfast - Paneer & Tofu,,In Stock,0,https://cdn.grofers.com/da/cms-assets/cms/product/b6e94036-72bb-4bb1-b7a6-387e59bf84b4.png,Gurgaon,28.3897979,77.27313339999999,2,2025-07-25T19:54:37.254Z
452621,Hello Tempayy 38g Protein Natural Tempeh Cubes,Hello Tempayy,145,145,0,200 g,Dairy & Breakfast - Paneer & Tofu,,In Stock,0,https://cdn.grofers.com/da/cms-assets/cms/product/ab9901f0-c517-4ff9-b259-17837ad2c01a.png,Gurgaon,28.3897979,77.27313339999999,3,2025-07-25T19:54:37.254Z
536108,Hello Tempayy 28g Protein Tandoori Tempeh Thins,Hello Tempayy,145,145,0,150 g,Dairy & Breakfast - Paneer & Tofu,,In Stock,0,https://cdn.grofers.com/da/cms-assets/cms/product/cac460d8-4760-48ba-9aae-6a566955cdae.png,Gurgaon,28.3897979,77.27313339999999,1,2025-07-25T19:54:37.254Z
523362,Hello Tempayy 38g Protein Natural Tempeh Cubes - Pack of 2,Hello Tempayy,283,283,0,2 x 200 g,Dairy & Breakfast - Paneer & Tofu,,In Stock,0,https://cdn.grofers.com/da/cms-assets/cms/product/3be29da5-cd38-4091-ab59-6f4566497393.png,Gurgaon,28.3897979,77.27313339999999,1,2025-07-25T19:54:38.644Z
536109,Hello Tempayy 28g Protein Thai Chilli Tempeh Thins,Hello Tempayy,145,145,0,150 g,Dairy & Breakfast - Paneer & Tofu,,In Stock,0,https://cdn.grofers.com/da/cms-assets/cms/product/abe03e28-1a2e-45eb-8245-cf636f8addee.png,Gurgaon,28.3897979,77.27313339999999,1,2025-07-25T19:54:38.644Z
523821,Fresh Malai Paneer (Daily Handcrafted),,92,92,0,200 g,Dairy & Breakfast - Paneer & Tofu,,In Stock,0,https://cdn.grofers.com/da/cms-assets/cms/product/b417bd0e-7f26-4940-8c0e-9826b8908ffa.png,Gurgaon,28.3897979,77.27313339999999,3,2025-07-25T19:54:38.644Z
78062,Morinaga Silken Extra Firm Tofu,Morinaga,467,467,0,308 g,Dairy & Breakfast - Paneer & Tofu,,In Stock,0,https://cdn.grofers.com/da/cms-assets/cms/product/897985ee-6e83-4206-a3db-3d026ae50f33.png,Gurgaon,28.3897979,77.27313339999999,2,2025-07-25T19:54:38.644Z
522321,Hello Tempayy 36g Protein Peri Peri Tempeh Cubes,Hello Tempayy,160,160,0,200 g,Dairy & Breakfast - Paneer & Tofu,,Out of Stock,0,https://cdn.grofers.com/da/cms-assets/cms/product/755d71f0-0e74-451d-b603-ac67022e12f4.png,Gurgaon,28.3897979,77.27313339999999,0,2025-07-25T19:54:38.644Z
123007,Gowardhan Classic Block Paneer,Gowardhan,100,100,0,200 g,Dairy & Breakfast - Paneer & Tofu,,Out of Stock,0,https://cdn.grofers.com/da/cms-assets/cms/product/ace207d9-94a6-4bc5-9c12-bcd31372c013.png,Gurgaon,28.3897979,77.27313339999999,0,2025-07-25T19:54:38.644Z
401944,So-Lite Masala Tofu,So-Lite,54,54,0,200 g,Dairy & Breakfast - Paneer & Tofu,,Out of Stock,0,https://cdn.grofers.com/da/cms-assets/cms/product/b8fc05fc-bd9d-4bbc-ba6a-ca680e48d2d8.png,Gurgaon,28.3897979,77.27313339999999,0,2025-07-25T19:54:38.644Z
335816,iD Soft and Creamy Paneer,iD,135,135,0,200 g,Dairy & Breakfast - Paneer & Tofu,,Out of Stock,0,https://cdn.grofers.com/da/cms-assets/cms/product/e5bffe35-690a-4111-8fb6-3c0b18b3859b.png,Gurgaon,28.3897979,77.27313339999999,0,2025-07-25T19:54:38.644Z
391896,Diet Tofu Soya Tofu,Diet Tofu,46,46,0,200 g,Dairy & Breakfast - Paneer & Tofu,,Out of Stock,0,https://cdn.grofers.com/da/cms-assets/cms/product/e69ca0a2-2c9f-44ad-9350-4d422a0efd15.png,Gurgaon,28.3897979,77.27313339999999,0,2025-07-25T19:54:38.644Z
394016,Diet Tofu Masala Tofu,Diet Tofu,32,32,0,100 g,Dairy & Breakfast - Paneer & Tofu,,Out of Stock,0,https://cdn.grofers.com/da/cms-assets/cms/product/520de25d-84c1-417f-b4fb-edca0b3ff163.png,Gurgaon,28.3897979,77.27313339999999,0,2025-07-25T19:54:38.644Z
523363,Hello Tempayy 36g Protein Masala Tempeh Cubes - Pack of 2,Hello Tempayy,280,280,0,2 x 200 g,Dairy & Breakfast - Paneer & Tofu,,Out of Stock,0,https://cdn.grofers.com/da/cms-assets/cms/product/580435a3-4037-402a-ad65-ccbe61e0bd44.png,Gurgaon,28.3897979,77.27313339999999,0,2025-07-25T19:54:38.644Z
529378,Hello Tempayy 36g Protein Peri Peri Tempeh Cubes - Pack of 3,Hello Tempayy,389,389,0,3 x 200 g,Dairy & Breakfast - Paneer & Tofu,,Out of Stock,0,https://cdn.grofers.com/da/cms-assets/cms/product/7c8f8af7-9987-4d9a-81d9-cc8d18fffef6.png,Gurgaon,28.3897979,77.27313339999999,0,2025-07-25T19:54:38.644Z
639120,FruBon High Protein Low Fat Paneer,FruBon,105,105,0,200 g,Dairy & Breakfast - Paneer & Tofu,,Out of Stock,0,https://cdn.grofers.com/da/cms-assets/cms/product/ecec6a53-fa87-4141-969b-7599edc499a0.png,Gurgaon,28.3897979,77.27313339999999,0,2025-07-25T19:54:38.644Z
12035,Real Thai Rice Paper,Real Thai,209,209,0,100 g,Snacks & Munchies - Nachos,,In Stock,0,https://cdn.grofers.com/da/cms-assets/cms/product/81594149-611d-4dff-9019-16350ef3a3c2.png,Mumbai,19.076,72.8777,3,2025-07-25T19:54:44.454Z
28390,Safal Frozen Green Peas,Safal,122,122,0,500 g,Snacks & Munchies - Nachos,,In Stock,0,https://cdn.grofers.com/da/cms-assets/cms/product/ca56153b-29df-46dd-9422-da5f7e282e52.png,Mumbai,19.076,72.8777,20,2025-07-25T19:54:44.454Z
17772,iD Idli & Dosa Batter - 1 kg,iD,100,100,0,1 kg,Snacks & Munchies - Nachos,,In Stock,0,https://cdn.grofers.com/da/cms-assets/cms/product/3507abb6-d87b-40a3-a3e6-8113dbac9d30.png,Mumbai,19.076,72.8777,22,2025-07-25T19:54:44.454Z
171258,Maggi Masala - 2 Minutes Instant Noodles,Maggi,60,60,0,280 g,Snacks & Munchies - Nachos,,In Stock,0,https://cdn.grofers.com/da/cms-assets/cms/product/ff228544-ca02-4a8e-8ca3-a19a522d82d7.png,Mumbai,19.076,72.8777,41,2025-07-25T19:54:44.454Z
779,Weikfield Custard Powder - Vanilla Flavour,Weikfield,44,44,0,100 g,Snacks & Munchies - Nachos,,In Stock,0,https://cdn.grofers.com/da/cms-assets/cms/product/e09274ec-6782-48c1-b56a-1a30d9065a8d.png,Mumbai,19.076,72.8777,10,2025-07-25T19:54:44.454Z
479958,Blue Tribe Foods Plant Based Nuggets,Blue Tribe Foods,167,167,0,250 g,Snacks & Munchies - Nachos,,In Stock,0,https://cdn.grofers.com/da/cms-assets/cms/product/316d0f60-955e-4aff-ae9f-c4a28ac2dc3f.png,Mumbai,19.076,72.8777,2,2025-07-25T19:54:44.454Z
10781,McCain French Fries (Frozen),McCain,97,97,0,420 g,Snacks & Munchies - Nachos,,In Stock,0,https://cdn.grofers.com/da/cms-assets/cms/product/583a462a-7c0f-4794-a448-12dc0c3c69b8.png,Mumbai,19.076,72.8777,19,2025-07-25T19:54:44.454Z
539704,Snapin Oregano Seasoning,Snapin,49,49,0,10 x 5 g,Snacks & Munchies - Nachos,,In Stock,0,https://cdn.grofers.com/da/cms-assets/cms/product/fa7569e0-b073-4b1b-991b-5158ba1ba47a.png,Mumbai,19.076,72.8777,9,2025-07-25T19:54:44.454Z
452658,ITC Master Chef Medium Prawns Peeled & Deveined (Frozen),ITC Master Chef,225,225,0,200 g,Snacks & Munchies - Nachos,,In Stock,0,https://cdn.grofers.com/da/cms-assets/cms/product/832765b0-bbd4-4e6a-a419-643dff5b26b8.png,Mumbai,19.076,72.8777,8,2025-07-25T19:54:44.454Z
82341,Maggi Pazzta Cheese Macaroni Instant Pasta,Maggi,35,35,0,75 g,Snacks & Munchies - Nachos,,In Stock,0,https://cdn.grofers.com/da/cms-assets/cms/product/fdb21f17-66ae-49bd-bb1b-9ade7f2e4315.png,Mumbai,19.076,72.8777,50,2025-07-25T19:54:44.454Z
425741,Ching's Secret Schezwan Fried Rice Masala Instant Mix - 5 Single Use Pouches,Ching's Secret,44,44,0,5 x 20 g,Snacks & Munchies - Nachos,,In Stock,0,https://cdn.grofers.com/da/cms-assets/cms/product/766065e4-94b4-4452-9fe9-045d90002cb6.png,Mumbai,19.076,72.8777,3,2025-07-25T19:54:44.454Z
486585,Switz Samosa Patti Dough Sheets (Frozen),Switz,113,113,0,500 g,Snacks & Munchies - Nachos,,In Stock,0,https://cdn.grofers.com/da/cms-assets/cms/product/a425486f-5928-4b12-85f9-cbbac941ad40.png,Mumbai,19.076,72.8777,8,2025-07-25T19:54:44.454Z
12264,Zorabian Spicy Chicken Sausage,Zorabian,160,160,0,250 g,Snacks & Munchies - Nachos,,In Stock,0,https://cdn.grofers.com/da/cms-assets/cms/product/28c6699b-50af-4b89-9182-9afcbc054f85.png,Mumbai,19.076,72.8777,8,2025-07-25T19:54:44.454Z
481564,Habanero Flour Tortilla Wraps (Ready to Eat),Habanero,167,167,0,330 g,Snacks & Munchies - Nachos,,In Stock,0,https://cdn.grofers.com/da/cms-assets/cms/product/4ba86659-ca29-4aaa-97c1-88ec9679b786.png,Mumbai,19.076,72.8777,11,2025-07-25T19:54:44.454Z
3578,Zorabian Chicken Seekh Kebab,Zorabian,179,179,0,250 g,Snacks & Munchies - Nachos,,In Stock,0,https://cdn.grofers.com/da/cms-assets/cms/product/7ec97a1c-f96c-4914-9502-837e694de17b.png,Mumbai,19.076,72.8777,7,2025-07-25T19:54:44.454Z
12264,Zorabian Spicy Chicken Sausage,Zorabian,160,160,0,250 g,Snacks & Munchies - Nachos,,In Stock,0,https://cdn.grofers.com/da/cms-assets/cms/product/28c6699b-50af-4b89-9182-9afcbc054f85.png,Mumbai,19.076,72.8777,8,2025-07-25T19:54:46.016Z
541673,PFC Foods Plant-Based Mutton Seekh Kebab,PFC Foods,395,395,0,250 g,Snacks & Munchies - Nachos,,In Stock,0,https://cdn.grofers.com/da/cms-assets/cms/product/ca605b83-7df4-4be4-9c4e-01cd70806239.png,Mumbai,19.076,72.8777,2,2025-07-25T19:54:46.016Z
481564,Habanero Flour Tortilla Wraps (Ready to Eat),Habanero,167,167,0,330 g,Snacks & Munchies - Nachos,,In Stock,0,https://cdn.grofers.com/da/cms-assets/cms/product/4ba86659-ca29-4aaa-97c1-88ec9679b786.png,Mumbai,19.076,72.8777,11,2025-07-25T19:54:46.016Z
3578,Zorabian Chicken Seekh Kebab,Zorabian,179,179,0,250 g,Snacks & Munchies - Nachos,,In Stock,0,https://cdn.grofers.com/da/cms-assets/cms/product/7ec97a1c-f96c-4914-9502-837e694de17b.png,Mumbai,19.076,72.8777,7,2025-07-25T19:54:46.016Z
37211,Nongshim Shin Ramyun Spicy Flavoured Instant Noodles,Nongshim,128,128,0,120 g,Snacks & Munchies - Nachos,,In Stock,0,https://cdn.grofers.com/da/cms-assets/cms/product/0999996b-03df-4ad1-b8b0-32dc24c437c1.png,Mumbai,19.076,72.8777,17,2025-07-25T19:54:46.016Z
581439,SuperYou Choco Peanut Butter Wafer Protein Bar,SuperYou,60,60,0,40 g,Snacks & Munchies - Nachos,,In Stock,0,https://cdn.grofers.com/da/cms-assets/cms/product/87cb2b31-9210-4607-9e1a-6669caf5dbb5.png,Mumbai,19.076,72.8777,48,2025-07-25T19:54:46.016Z
581440,SuperYou Strawberry Creme Wafer Protein Bar,SuperYou,60,60,0,40 g,Snacks & Munchies - Nachos,,In Stock,0,https://cdn.grofers.com/da/cms-assets/cms/product/a86b95b0-fb0f-40ab-a9ba-515fea3070de.png,Mumbai,19.076,72.8777,32,2025-07-25T19:54:46.016Z
17574,Keya Red Chilli Flakes,Keya,88,88,0,40 g,Snacks & Munchies - Nachos,,In Stock,0,https://cdn.grofers.com/da/cms-assets/cms/product/452bd8f8-5a17-43ee-b818-db95d52f3edc.png,Mumbai,19.076,72.8777,9,2025-07-25T19:54:46.016Z
23467,MTR 3 Minute Poha Breakfast Mix,MTR 3 Minute,30,30,0,60 g,Snacks & Munchies - Nachos,,In Stock,0,https://cdn.grofers.com/da/cms-assets/cms/product/b0dfe9c1-ac5f-4f39-ac60-58b544138a55.png,Mumbai,19.076,72.8777,11,2025-07-25T19:54:46.016Z
581442,SuperYou Chocolate Wafer Protein Bar,SuperYou,60,60,0,40 g,Snacks & Munchies - Nachos,,In Stock,0,https://cdn.grofers.com/da/cms-assets/cms/product/eb2ee9f1-e45c-42a8-a4f0-f265305bcdba.png,Mumbai,19.076,72.8777,43,2025-07-25T19:54:46.016Z
281454,iD Idli & Dosa Batter - 500 g,iD,60,60,0,500 g,Snacks & Munchies - Nachos,,In Stock,0,https://cdn.grofers.com/da/cms-assets/cms/product/001ddc00-763c-460c-954b-8db67a024821.png,Mumbai,19.076,72.8777,14,2025-07-25T19:54:46.016Z
326216,Knorr Thick Tomato Soup - Buy 3 Get 1 Free,Knorr,195,195,0,3 x 51 g + 51 g,Snacks & Munchies - Nachos,,In Stock,0,https://cdn.grofers.com/da/cms-assets/cms/product/500eb8e9-45ab-4874-ac1c-92a3e060ab19.png,Mumbai,19.076,72.8777,3,2025-07-25T19:54:46.016Z
3771,Snapin Red Chilli Flakes Seasoning,Snapin,84,84,0,35 g,Snacks & Munchies - Nachos,,In Stock,0,https://cdn.grofers.com/da/cms-assets/cms/product/45783e3d-e6d1-4547-81d2-bb43d97b6458.png,Mumbai,19.076,72.8777,4,2025-07-25T19:54:46.016Z
588993,SuperYou Cheese Wafer Protein Bar - Pack of 2,SuperYou,116,116,0,2 x 40 g,Snacks & Munchies - Nachos,,In Stock,0,https://cdn.grofers.com/da/cms-assets/cms/product/8248a3e7-5768-47f9-8225-d018205683ee.png,Mumbai,19.076,72.8777,15,2025-07-25T19:54:46.016Z
591482,Keya Pizza Oregano Spice Mix,Keya,48,48,0,40 g,Snacks & Munchies - Nachos,,In Stock,0,https://cdn.grofers.com/da/cms-assets/cms/product/b012c27e-acb5-4900-89ab-1a19f3566fe2.png,Mumbai,19.076,72.8777,1,2025-07-25T19:54:46.016Z
88352,Knorr Hot & Sour Vegetable Soup with No Added Preservatives,Knorr,59,59,0,41 g,Snacks & Munchies - Nachos,,In Stock,0,https://cdn.grofers.com/da/cms-assets/cms/product/dd6900e2-2e3f-44e2-983a-638b138db9f3.png,Mumbai,19.076,72.8777,12,2025-07-25T19:54:47.918Z
452651,ITC Master Chef Desi Style Chicken Burger Patty,ITC Master Chef,196,196,0,330 g,Snacks & Munchies - Nachos,,In Stock,0,https://cdn.grofers.com/da/cms-assets/cms/product/6495f623-5966-4853-b568-f054f2fc3021.png,Mumbai,19.076,72.8777,1,2025-07-25T19:54:47.918Z
501595,Orika Red Chilli Flakes Sprinkler,Orika,78,78,0,50 g,Snacks & Munchies - Nachos,,In Stock,0,https://cdn.grofers.com/da/cms-assets/cms/product/2dd63f39-0eb9-4b65-b833-5b212ee84d83.png,Mumbai,19.076,72.8777,3,2025-07-25T19:54:47.918Z
11919,Godrej Yummiez Chicken Nuggets,Godrej Yummiez,279,279,0,500 g,Snacks & Munchies - Nachos,,In Stock,0,https://cdn.grofers.com/da/cms-assets/cms/product/11590be7-5829-4bcf-a2c3-b26b4664585f.png,Mumbai,19.076,72.8777,8,2025-07-25T19:54:47.918Z
3234,McCain Chilli Garlic Potato Bites Nuggets (Frozen),McCain,113,113,0,420 g,Snacks & Munchies - Nachos,,In Stock,0,https://cdn.grofers.com/da/cms-assets/cms/product/6e86a1c4-7613-44bc-9b25-4741efe2a77b.png,Mumbai,19.076,72.8777,10,2025-07-25T19:54:47.918Z
539702,Snapin Chilli Flakes,Snapin,49,49,0,20 g (10 x 2 g),Snacks & Munchies - Nachos,,In Stock,0,https://cdn.grofers.com/da/cms-assets/cms/product/77089d42-0505-4c5c-8857-011a049f0299.png,Mumbai,19.076,72.8777,12,2025-07-25T19:54:47.918Z
15180,Gits Gulab Jamun Dessert Mix,Gits,125,125,0,200 g,Snacks & Munchies - Nachos,,In Stock,0,https://cdn.grofers.com/da/cms-assets/cms/product/d6f3fed6-1810-41c7-9c71-f43513fd70f6.png,Mumbai,19.076,72.8777,6,2025-07-25T19:54:47.918Z
127442,Keya Piri Piri Seasoning Sprinkler,Keya,103,103,0,80 g,Snacks & Munchies - Nachos,,In Stock,0,https://cdn.grofers.com/da/cms-assets/cms/product/945f8d5f-65fd-4023-960c-dd3dbde04d79.png,Mumbai,19.076,72.8777,4,2025-07-25T19:54:47.918Z
452655,ITC Master Chef Chicken Seekh Kebab,ITC Master Chef,299,299,0,500 g,Snacks & Munchies - Nachos,,In Stock,0,https://cdn.grofers.com/da/cms-assets/cms/product/15ed3232-6f9c-4be6-96f1-4910721ba331.png,Mumbai,19.076,72.8777,3,2025-07-25T19:54:47.918Z
3560,Godrej Yummiez Pepper & Herb Chicken Sausage (Frozen),Godrej Yummiez,189,189,0,250 g,Snacks & Munchies - Nachos,,In Stock,0,https://cdn.grofers.com/da/cms-assets/cms/product/cf1a9c1d-0c16-4191-9049-5db58140a740.png,Mumbai,19.076,72.8777,2,2025-07-25T19:54:47.918Z
477279,Godrej Yummiez Breakfast Chicken Sausage (Frozen),Godrej Yummiez,159,159,0,250 g,Snacks & Munchies - Nachos,,In Stock,0,https://cdn.grofers.com/da/cms-assets/cms/product/7a484cfa-559c-46cd-9c26-4fee238e9527.png,Mumbai,19.076,72.8777,5,2025-07-25T19:54:47.918Z
347631,RiteBite Max Protein Daily Choco Almond 10 g Protein Bar,RiteBite,77,77,0,50 g,Snacks & Munchies - Nachos,,In Stock,0,https://cdn.grofers.com/da/cms-assets/cms/product/7aac1375-1f9f-4e4a-bab2-95da05f6e5bf.png,Mumbai,19.076,72.8777,30,2025-07-25T19:54:47.918Z
363296,MTR 3 Minute Veggie Upma Breakfast Mix,MTR 3 Minute,30,30,0,60 g,Snacks & Munchies - Nachos,,In Stock,0,https://cdn.grofers.com/da/cms-assets/cms/product/fd461d60-7c89-42db-8dce-3a2902c4b41a.png,Mumbai,19.076,72.8777,1,2025-07-25T19:54:47.918Z
591234,Keya Pizza Chilli Flakes Multipack,Keya,48,48,0,20 g,Snacks & Munchies - Nachos,,In Stock,0,https://cdn.grofers.com/da/cms-assets/cms/product/6d05eedf-e341-49f3-806c-a334107ac55d.png,Mumbai,19.076,72.8777,3,2025-07-25T19:54:47.919Z
560608,Habanero Spinach Tortilla Wraps,Habanero,199,199,0,336 g,Snacks & Munchies - Nachos,,In Stock,0,https://cdn.grofers.com/da/cms-assets/cms/product/639520d3-422b-4a30-8228-3db2e1a4f3d7.png,Mumbai,19.076,72.8777,1,2025-07-25T19:54:47.919Z
591234,Keya Pizza Chilli Flakes Multipack,Keya,48,48,0,20 g,Snacks & Munchies - Nachos,,In Stock,0,https://cdn.grofers.com/da/cms-assets/cms/product/6d05eedf-e341-49f3-806c-a334107ac55d.png,Mumbai,19.076,72.8777,3,2025-07-25T19:54:49.656Z
23445,MTR Khaman Dhokla- Instant Mix,MTR,100,100,0,2 x 160 g,Snacks & Munchies - Nachos,,In Stock,0,https://cdn.grofers.com/da/cms-assets/cms/product/ec4acfb8-c70f-4288-ae4d-5c048159a989.png,Mumbai,19.076,72.8777,4,2025-07-25T19:54:49.656Z
3772,Snapin Oregano,Snapin,93,93,0,20 g,Snacks & Munchies - Nachos,,In Stock,0,https://cdn.grofers.com/da/cms-assets/cms/product/11a1480d-d4d7-4a83-be63-eea550d29ab5.png,Mumbai,19.076,72.8777,4,2025-07-25T19:54:49.656Z
479142,Orika Oregano Seasoning,Orika,96,96,0,22 g,Snacks & Munchies - Nachos,,In Stock,0,https://cdn.grofers.com/da/cms-assets/cms/product/d39d31a1-6269-4126-868f-639e5214b73a.png,Mumbai,19.076,72.8777,2,2025-07-25T19:54:49.656Z
72024,Knorr Classic Sweet Corn Vegetable Soup with No Added Preservatives,Knorr,59,59,0,42 g,Snacks & Munchies - Nachos,,In Stock,0,https://cdn.grofers.com/da/cms-assets/cms/product/d8dc6288-28b9-47e9-bb07-46c2ddc6dc52.png,Mumbai,19.076,72.8777,6,2025-07-25T19:54:49.656Z
35913,Gits Khaman Dhokla Instant Mix,Gits,75,75,0,180 g,Snacks & Munchies - Nachos,,In Stock,0,https://cdn.grofers.com/da/cms-assets/cms/product/15c14ee1-7f0a-4808-8c91-a607df3d7bc3.png,Mumbai,19.076,72.8777,4,2025-07-25T19:54:49.656Z
507283,Blue Tribe Foods Plant Based Kebab,Blue Tribe Foods,205,205,0,250 g,Snacks & Munchies - Nachos,,In Stock,0,https://cdn.grofers.com/da/cms-assets/cms/product/b213a383-80cd-4b8d-b420-f6569b7f7b8f.png,Mumbai,19.076,72.8777,2,2025-07-25T19:54:49.656Z
3292,Godrej Yummiez Corn Cheese Nuggets (Frozen),Godrej Yummiez,199,199,0,400 g,Snacks & Munchies - Nachos,,In Stock,0,https://cdn.grofers.com/da/cms-assets/cms/product/0967829c-1c1d-4073-bbce-43e52f4ecbae.png,Mumbai,19.076,72.8777,3,2025-07-25T19:54:49.656Z
477279,Godrej Yummiez Breakfast Chicken Sausage (Frozen),Godrej Yummiez,159,159,0,250 g,Snacks & Munchies - Nachos,,In Stock,0,https://cdn.grofers.com/da/cms-assets/cms/product/7a484cfa-559c-46cd-9c26-4fee238e9527.png,Mumbai,19.076,72.8777,5,2025-07-25T19:54:49.656Z
486587,Switz Spring Roll Dough Sheets,Switz,114,114,0,275 g,Snacks & Munchies - Nachos,,In Stock,0,https://cdn.grofers.com/da/cms-assets/cms/product/c37acfb6-1e3d-4f3b-8fc0-e668a8c95c6a.png,Mumbai,19.076,72.8777,1,2025-07-25T19:54:49.656Z
350143,Chef's Basket Durum Wheat Penne Domestic Pasta,Chef's Basket,88,88,0,500 g,Snacks & Munchies - Nachos,,In Stock,0,https://cdn.grofers.com/da/cms-assets/cms/product/06db9db1-13d7-4489-b722-8d2ada42e08e.png,Mumbai,19.076,72.8777,10,2025-07-25T19:54:49.656Z
544067,Chef's Basket Instant Macaroni Pasta - Pack of 2,Chef's Basket,168,168,0,2 x 0.85 kg,Snacks & Munchies - Nachos,,In Stock,0,https://cdn.grofers.com/da/cms-assets/cms/product/b4d289ec-1e56-46f2-87b6-c9be9d529dfa.png,Mumbai,19.076,72.8777,7,2025-07-25T19:54:49.656Z
10515,Del Monte Black Sliced Olives,Del Monte,350,350,0,450 g,Snacks & Munchies - Nachos,,In Stock,0,https://cdn.grofers.com/da/cms-assets/cms/product/1b698264-4072-4f37-959c-516cad5091f0.png,Mumbai,19.076,72.8777,2,2025-07-25T19:54:49.656Z
519110,ITC Master Chef Large Prawns (Freshly Frozen),ITC Master Chef,266,266,0,200 g,Snacks & Munchies - Nachos,,In Stock,0,https://cdn.grofers.com/da/cms-assets/cms/product/931b7d80-cf1e-4590-a43c-180e63367bec.png,Mumbai,19.076,72.8777,1,2025-07-25T19:54:49.656Z
457404,Prasuma Original Chicken Momos,Prasuma,293,293,0,24 pieces,Snacks & Munchies - Nachos,,In Stock,0,https://cdn.grofers.com/da/cms-assets/cms/product/deffb0dd-f0fd-49d3-a58e-0e6523a109e4.png,Mumbai,19.076,72.8777,7,2025-07-25T19:54:49.656Z
443388,Slurrp Farm Chocolate Pancake Mix,Slurrp Farm,199,199,0,150 g,Snacks & Munchies - Nachos,,In Stock,0,https://cdn.grofers.com/da/cms-assets/cms/product/b8274328-5d2b-4179-941e-2f013096b2aa.png,Mumbai,19.076,72.8777,1,2025-07-25T19:54:51.147Z
107812,Knorr Classic Chicken Delite Soup with No Added Preservatives,Knorr,63,63,0,42 g,Snacks & Munchies - Nachos,,In Stock,0,https://cdn.grofers.com/da/cms-assets/cms/product/beb3e533-308b-45cd-aa93-bd23770a1267.png,Mumbai,19.076,72.8777,11,2025-07-25T19:54:51.147Z
3570,McCain Aloo Tikki (Frozen),McCain,101,101,0,400 g,Snacks & Munchies - Nachos,,In Stock,0,https://cdn.grofers.com/da/cms-assets/cms/product/9ee58619-d576-41a5-8f46-b031e57a133e.png,Mumbai,19.076,72.8777,7,2025-07-25T19:54:51.147Z
111843,Maggi Pazzta Cheesy Tomato Twist Instant Pasta,Maggi,35,35,0,68.5 g,Snacks & Munchies - Nachos,,In Stock,0,https://cdn.grofers.com/da/cms-assets/cms/product/eb7e1f03-2781-4dd9-aad0-86715994b364.png,Mumbai,19.076,72.8777,15,2025-07-25T19:54:51.147Z
503417,The Whole Truth 20 g Protein Bar - Double Cocoa,The Whole Truth,143,143,0,67 g,Snacks & Munchies - Nachos,,In Stock,0,https://cdn.grofers.com/da/cms-assets/cms/product/9fa5b4ce-e8ca-4ff4-9a37-78beef3c0c23.png,Mumbai,19.076,72.8777,13,2025-07-25T19:54:51.147Z
569140,Dr. Oetker Kuppies Chocolate Waffle,Dr. Oetker,89,89,0,180 g,Snacks & Munchies - Nachos,,In Stock,0,https://cdn.grofers.com/da/cms-assets/cms/product/ca24c7c0-1e08-4557-a723-d50f510a73c0.png,Mumbai,19.076,72.8777,2,2025-07-25T19:54:51.147Z
67613,Gits Dal Makhani Ready to Eat,Gits,135,135,0,300 g,Snacks & Munchies - Nachos,,In Stock,0,https://cdn.grofers.com/da/cms-assets/cms/product/64d9203e-c1bd-4c61-abca-6c49e07663d9.png,Mumbai,19.076,72.8777,1,2025-07-25T19:54:51.147Z
363423,McCain Pizza Cheese Mini Samosa (Frozen),McCain,141,141,0,240 g,Snacks & Munchies - Nachos,,In Stock,0,https://cdn.grofers.com/da/cms-assets/cms/product/f1a5b63c-f0d6-4f04-a997-6b26952eaac4.png,Mumbai,19.076,72.8777,8,2025-07-25T19:54:51.147Z
443387,Slurrp Farm Banana Chocochip Pancake Mix,Slurrp Farm,197,197,0,150 g,Snacks & Munchies - Nachos,,In Stock,0,https://cdn.grofers.com/da/cms-assets/cms/product/921db8b3-ced9-475c-85b5-180ba458b6ff.png,Mumbai,19.076,72.8777,5,2025-07-25T19:54:51.147Z
569138,Dr. Oetker Kuppies Vanilla Waffle,Dr. Oetker,89,89,0,180 g,Snacks & Munchies - Nachos,,In Stock,0,https://cdn.grofers.com/da/cms-assets/cms/product/d678e515-9e46-4813-a824-d7ad35e2509a.png,Mumbai,19.076,72.8777,5,2025-07-25T19:54:51.147Z
475630,Nongshim Shin Red Super Spicy Noodles,Nongshim,128,128,0,120 g,Snacks & Munchies - Nachos,,In Stock,0,https://cdn.grofers.com/da/cms-assets/cms/product/2806f091-3625-4c51-a9a1-9d0974daa363.png,Mumbai,19.076,72.8777,8,2025-07-25T19:54:51.147Z
3562,Zorabian Chicken Spicy Salami,Zorabian,170,170,0,250 g,Snacks & Munchies - Nachos,,In Stock,0,https://cdn.grofers.com/da/cms-assets/cms/product/88b469ea-03fa-42c0-80cd-2ddef976d56c.png,Mumbai,19.076,72.8777,1,2025-07-25T19:54:51.147Z
10785,McCain Potato Cheese Nuggets Shotz (Frozen),McCain,145,145,0,250 g,Snacks & Munchies - Nachos,,In Stock,0,https://cdn.grofers.com/da/cms-assets/cms/product/bb19bb11-73f1-42b9-afd7-6c0e4404fde4.png,Mumbai,19.076,72.8777,12,2025-07-25T19:54:51.147Z
383480,Maggi 2 - Minute Instant Noodles (Pack of 12),Maggi,176,176,0,12 x 70 g,Snacks & Munchies - Nachos,,In Stock,0,https://cdn.grofers.com/da/cms-assets/cms/product/535bac5b-e662-4813-a7f8-a7690cc1d99a.png,Mumbai,19.076,72.8777,36,2025-07-25T19:54:51.147Z
23464,MTR 3 Minute Khatta Meetha Poha Breakfast Mix,MTR 3 Minute,30,30,0,60 g,Snacks & Munchies - Nachos,,In Stock,0,https://cdn.grofers.com/da/cms-assets/cms/product/1e4a5274-dfc7-4667-9c04-4ae01fc9d554.png,Mumbai,19.076,72.8777,2,2025-07-25T19:54:51.147Z
363423,McCain Pizza Cheese Mini Samosa (Frozen),McCain,141,141,0,240 g,Snacks & Munchies - Nachos,,In Stock,0,https://cdn.grofers.com/da/cms-assets/cms/product/f1a5b63c-f0d6-4f04-a997-6b26952eaac4.png,Mumbai,19.076,72.8777,8,2025-07-25T19:54:53.115Z
443387,Slurrp Farm Banana Chocochip Pancake Mix,Slurrp Farm,197,197,0,150 g,Snacks & Munchies - Nachos,,In Stock,0,https://cdn.grofers.com/da/cms-assets/cms/product/921db8b3-ced9-475c-85b5-180ba458b6ff.png,Mumbai,19.076,72.8777,5,2025-07-25T19:54:53.115Z
569138,Dr. Oetker Kuppies Vanilla Waffle,Dr. Oetker,89,89,0,180 g,Snacks & Munchies - Nachos,,In Stock,0,https://cdn.grofers.com/da/cms-assets/cms/product/d678e515-9e46-4813-a824-d7ad35e2509a.png,Mumbai,19.076,72.8777,5,2025-07-25T19:54:53.115Z
475630,Nongshim Shin Red Super Spicy Noodles,Nongshim,128,128,0,120 g,Snacks & Munchies - Nachos,,In Stock,0,https://cdn.grofers.com/da/cms-assets/cms/product/2806f091-3625-4c51-a9a1-9d0974daa363.png,Mumbai,19.076,72.8777,8,2025-07-25T19:54:53.115Z
3562,Zorabian Chicken Spicy Salami,Zorabian,170,170,0,250 g,Snacks & Munchies - Nachos,,In Stock,0,https://cdn.grofers.com/da/cms-assets/cms/product/88b469ea-03fa-42c0-80cd-2ddef976d56c.png,Mumbai,19.076,72.8777,1,2025-07-25T19:54:53.115Z
10785,McCain Potato Cheese Nuggets Shotz (Frozen),McCain,145,145,0,250 g,Snacks & Munchies - Nachos,,In Stock,0,https://cdn.grofers.com/da/cms-assets/cms/product/bb19bb11-73f1-42b9-afd7-6c0e4404fde4.png,Mumbai,19.076,72.8777,12,2025-07-25T19:54:53.115Z
383480,Maggi 2 - Minute Instant Noodles (Pack of 12),Maggi,176,176,0,12 x 70 g,Snacks & Munchies - Nachos,,In Stock,0,https://cdn.grofers.com/da/cms-assets/cms/product/535bac5b-e662-4813-a7f8-a7690cc1d99a.png,Mumbai,19.076,72.8777,36,2025-07-25T19:54:53.115Z
23464,MTR 3 Minute Khatta Meetha Poha Breakfast Mix,MTR 3 Minute,30,30,0,60 g,Snacks & Munchies - Nachos,,In Stock,0,https://cdn.grofers.com/da/cms-assets/cms/product/1e4a5274-dfc7-4667-9c04-4ae01fc9d554.png,Mumbai,19.076,72.8777,2,2025-07-25T19:54:53.115Z
28394,Safal Sweet Corn (Frozen),Safal,90,90,0,500 g,Snacks & Munchies - Nachos,,In Stock,0,https://cdn.grofers.com/da/cms-assets/cms/product/cb36dc7e-1ca2-4f02-88ff-12ac2518a3e7.png,Mumbai,19.076,72.8777,4,2025-07-25T19:54:53.115Z
488034,Samyang Ramen Instant Noodles - Hot Chicken Flavour,Samyang,140,140,0,140 g,Snacks & Munchies - Nachos,,In Stock,0,https://cdn.grofers.com/da/cms-assets/cms/product/5cd93c25-a8f9-4981-b0da-4375ef0ca396.png,Mumbai,19.076,72.8777,6,2025-07-25T19:54:53.115Z
18080,Keya Oregano,Keya,99,99,0,10 g,Snacks & Munchies - Nachos,,In Stock,0,https://cdn.grofers.com/da/cms-assets/cms/product/22cd315e-f9f3-46b1-9723-bd41de15b5f2.png,Mumbai,19.076,72.8777,3,2025-07-25T19:54:53.115Z
67380,MTR Rava Idli Breakfast Mix,MTR,140,140,0,500 g,Snacks & Munchies - Nachos,,In Stock,0,https://cdn.grofers.com/da/cms-assets/cms/product/b8c2113e-8b0f-415c-9e43-0ed837f2d173.png,Mumbai,19.076,72.8777,1,2025-07-25T19:54:53.115Z
324293,Knorr International Italian Mushroom Soup with No Added Preservatives,Knorr,63,63,0,46 g,Snacks & Munchies - Nachos,,In Stock,0,https://cdn.grofers.com/da/cms-assets/cms/product/8f6e653f-45a8-4354-ae0f-1f69533a6a5e.png,Mumbai,19.076,72.8777,9,2025-07-25T19:54:53.115Z
107663,Knorr Classic Mixed Vegetable Soup with No Added Preservatives,Knorr,59,59,0,40 g,Snacks & Munchies - Nachos,,In Stock,0,https://cdn.grofers.com/da/cms-assets/cms/product/e756d374-2386-418f-b5e0-1c61b596fffe.png,Mumbai,19.076,72.8777,2,2025-07-25T19:54:53.115Z
25747,Knorr International Hong Kong Manchow Noodle Soup with No Added Preservatives,Knorr,68,68,0,44 g,Snacks & Munchies - Nachos,,In Stock,0,https://cdn.grofers.com/da/cms-assets/cms/product/9dbacd21-b572-48e2-bc00-7888abc08520.png,Mumbai,19.076,72.8777,5,2025-07-25T19:54:53.115Z
403262,RiteBite Max Protein Daily Choco Berry 10 g Protein Bar,RiteBite,77,77,0,50 g,Snacks & Munchies - Nachos,,In Stock,0,https://cdn.grofers.com/da/cms-assets/cms/product/9d9c9190-6382-4d6b-acd7-9a6b2c859982.png,Mumbai,19.076,72.8777,35,2025-07-25T19:54:54.599Z
424252,Sundrop Snacko Sweet Corn - Chaat Masala,Sundrop,29,29,0,121.5 g,Snacks & Munchies - Nachos,,In Stock,0,https://cdn.grofers.com/da/cms-assets/cms/product/270e3fba-1581-4b23-8162-e95b63b9a201.png,Mumbai,19.076,72.8777,2,2025-07-25T19:54:54.599Z
457676,Prasuma Chicken Ham,Prasuma,180,180,0,200 g,Snacks & Munchies - Nachos,,In Stock,0,https://cdn.grofers.com/da/cms-assets/cms/product/dccea74c-b339-4c63-b6e7-b7d3bb0f3006.png,Mumbai,19.076,72.8777,1,2025-07-25T19:54:54.599Z
504259,Farmley Date Bites Dry Fruit (No Added Sugar),Farmley,349,349,0,200 g,Snacks & Munchies - Nachos,,In Stock,0,https://cdn.grofers.com/da/cms-assets/cms/product/359f7ef2-568f-4dd7-8922-44f878310e32.png,Mumbai,19.076,72.8777,10,2025-07-25T19:54:54.599Z
457044,The Whole Truth Almond Choco Fudge Energy Bar,The Whole Truth,75,75,0,40 g,Snacks & Munchies - Nachos,,In Stock,0,https://cdn.grofers.com/da/cms-assets/cms/product/a766c89b-2b5a-4da0-8e4f-d0f20e43cc88.png,Mumbai,19.076,72.8777,4,2025-07-25T19:54:54.599Z
29511,Gits Khatta Dhokla Instant Mix,Gits,75,75,0,200 g,Snacks & Munchies - Nachos,,In Stock,0,https://cdn.grofers.com/da/cms-assets/cms/product/d0deb1ef-cc5e-4e26-bab5-facd4c24df1f.png,Mumbai,19.076,72.8777,3,2025-07-25T19:54:54.599Z
3571,McCain Veg Burger Patty (Frozen),McCain,150,150,0,360 g,Snacks & Munchies - Nachos,,In Stock,0,https://cdn.grofers.com/da/cms-assets/cms/product/4e67338b-279c-4ec8-8126-23dc87695ad6.png,Mumbai,19.076,72.8777,1,2025-07-25T19:54:54.599Z
815,Del Monte Pitted Green Olives,Del Monte,350,350,0,450 g,Snacks & Munchies - Nachos,,In Stock,0,https://cdn.grofers.com/da/cms-assets/cms/product/799e24d6-7f7f-4f2e-80db-e12c3e1fd1a5.png,Mumbai,19.076,72.8777,2,2025-07-25T19:54:54.599Z
446065,Keya Oregano Seasoning,Keya,119,119,0,50 g,Snacks & Munchies - Nachos,,In Stock,0,https://cdn.grofers.com/da/cms-assets/cms/product/6df6d347-1ee7-42ff-8d88-93c089bb0a31.png,Mumbai,19.076,72.8777,6,2025-07-25T19:54:54.599Z
552937,Borges Black Sliced Olives,Borges,295,295,0,430 g,Snacks & Munchies - Nachos,,In Stock,0,https://cdn.grofers.com/da/cms-assets/cms/product/98e448a5-102f-48a6-b91d-c3d217e3a660.png,Mumbai,19.076,72.8777,3,2025-07-25T19:54:54.599Z
424403,Yoga Bar Blueberry Pie Breakfast Protein Bar,Yoga Bar,54,54,0,45 g,Snacks & Munchies - Nachos,,In Stock,0,https://cdn.grofers.com/da/cms-assets/cms/product/54f666cf-8f94-4e63-b2ff-658db185753e.png,Mumbai,19.076,72.8777,1,2025-07-25T19:54:54.599Z
3775,Snapin Pasta Mix Seasoning,Snapin,99,99,0,25 g,Snacks & Munchies - Nachos,,In Stock,0,https://cdn.grofers.com/da/cms-assets/cms/product/9dc16298-b91d-4b27-9987-7503aee5250e.png,Mumbai,19.076,72.8777,5,2025-07-25T19:54:54.599Z
31652,Godrej Yummiez Chicken Pepper & Herb Salami (Frozen),Godrej Yummiez,189,189,0,250 g,Snacks & Munchies - Nachos,,In Stock,0,https://cdn.grofers.com/da/cms-assets/cms/product/cf58c9d0-ad90-4e61-8798-0b321bdc8792.png,Mumbai,19.076,72.8777,2,2025-07-25T19:54:54.599Z
12224,Venky's Chicken Nuggets (Frozen),Venky's,305,305,0,500 g,Snacks & Munchies - Nachos,,In Stock,0,https://cdn.grofers.com/da/cms-assets/cms/product/10ca3be9-152f-445a-9a7e-b635d4f31df2.png,Mumbai,19.076,72.8777,2,2025-07-25T19:54:54.599Z
481684,Godrej Yummiez Cheese & Chicken Nuggets (Frozen),Godrej Yummiez,249,249,0,325 g,Snacks & Munchies - Nachos,,In Stock,0,https://cdn.grofers.com/da/cms-assets/cms/product/1f0b9c72-fd93-4a65-b345-7be6babd2f79.png,Mumbai,19.076,72.8777,2,2025-07-25T19:54:54.599Z
774,MTR Upma Breakfast Mix,MTR,57,57,0,160 g,Snacks & Munchies - Nachos,,In Stock,0,https://cdn.grofers.com/da/cms-assets/cms/product/59da206c-523a-497f-859c-c7d8d47d8c5a.png,Mumbai,19.076,72.8777,8,2025-07-25T19:54:56.125Z
484378,The Whole Truth Cranberry Protein Bar - Pack of 2,The Whole Truth,189,189,0,52 g,Snacks & Munchies - Nachos,,In Stock,0,https://cdn.grofers.com/da/cms-assets/cms/product/b315ed9f-00e3-441f-94b1-7b20adaace95.png,Mumbai,19.076,72.8777,1,2025-07-25T19:54:56.125Z
13520,"Salsalito Reguler 6"" Taco Shells (12 pieces)",Salsalito,180,180,0,150 g,Snacks & Munchies - Nachos,,In Stock,0,https://cdn.grofers.com/da/cms-assets/cms/product/b213ed9e-7232-4a20-abf4-a53468fc703c.png,Mumbai,19.076,72.8777,3,2025-07-25T19:54:56.125Z
23314,Godrej Yummiez Lucknowi Chicken Seekh Kebab (Frozen),Godrej Yummiez,249,249,0,400 g,Snacks & Munchies - Nachos,,In Stock,0,https://cdn.grofers.com/da/cms-assets/cms/product/bdf4abb1-9cc1-49eb-9afe-67a158610037.png,Mumbai,19.076,72.8777,2,2025-07-25T19:54:56.125Z
196128,Rasoi Magic Paneer Butter Masala Instant Mix,Rasoi Magic,52,52,0,45 g,Snacks & Munchies - Nachos,,In Stock,0,https://cdn.grofers.com/da/cms-assets/cms/product/213f7020-5bda-4b59-b01d-454484f3e9f0.png,Mumbai,19.076,72.8777,1,2025-07-25T19:54:56.125Z
28120,McCain French Fries (Frozen) 1.25 kg,McCain,238,238,0,1.25 kg,Snacks & Munchies - Nachos,,In Stock,0,https://cdn.grofers.com/da/cms-assets/cms/product/ad96273b-0358-4e82-9033-d05bd26f722c.png,Mumbai,19.076,72.8777,12,2025-07-25T19:54:56.125Z
457405,Prasuma Spicy Chicken Momos,Prasuma,306,306,0,24 pieces,Snacks & Munchies - Nachos,,In Stock,0,https://cdn.grofers.com/da/cms-assets/cms/product/47ba7d50-41b1-42f4-97c8-4e8d8d5ccb06.png,Mumbai,19.076,72.8777,1,2025-07-25T19:54:56.125Z
37210,Nongshim Shin Cup Noodles,Nongshim,139,139,0,68 g,Snacks & Munchies - Nachos,,In Stock,0,https://cdn.grofers.com/da/cms-assets/cms/product/26682bde-fad4-4516-87df-2c5ca5b95ca9.png,Mumbai,19.076,72.8777,7,2025-07-25T19:54:56.125Z
324594,Knorr International Shanghai Hot & Sour Chicken Soup with No Added Preservatives,Knorr,68,68,0,36 g,Snacks & Munchies - Nachos,,In Stock,0,https://cdn.grofers.com/da/cms-assets/cms/product/e7bb2b1e-aef3-4043-ad07-553e0affac52.png,Mumbai,19.076,72.8777,2,2025-07-25T19:54:56.125Z
15181,Gits Dahi Vada Instant Mix,Gits,110,110,0,200 g,Snacks & Munchies - Nachos,,In Stock,0,https://cdn.grofers.com/da/cms-assets/cms/product/f54b7a07-ed45-4f6b-889c-5a95ea1f78e4.png,Mumbai,19.076,72.8777,3,2025-07-25T19:54:56.125Z
497365,Wow! Momo Darjeeling Chicken Momos (Frozen),Wow! Momo,149,149,0,1 pack (10 pieces),Snacks & Munchies - Nachos,,In Stock,0,https://cdn.grofers.com/da/cms-assets/cms/product/6e3c67a3-fff8-493f-b721-c2546fb952f6.png,Mumbai,19.076,72.8777,6,2025-07-25T19:54:56.125Z
108719,Knorr Sweet Corn Chicken Soup with No Added Preservatives,Knorr,68,68,0,40 g,Snacks & Munchies - Nachos,,In Stock,0,https://cdn.grofers.com/da/cms-assets/cms/product/7fa3714e-ae18-4133-80a5-bf43ed410340.png,Mumbai,19.076,72.8777,5,2025-07-25T19:54:56.125Z
487990,Urban Platter Vegan Cheddar Cheese Seasoning,Urban Platter,150,150,0,100 g,Snacks & Munchies - Nachos,,In Stock,0,https://cdn.grofers.com/da/cms-assets/cms/product/4e76add0-3514-4cd7-9ce5-69fc916e1ff2.png,Mumbai,19.076,72.8777,2,2025-07-25T19:54:56.125Z
268724,Nongshim Kimchi Ramyun Noodles,Nongshim,139,139,0,120 g,Snacks & Munchies - Nachos,,In Stock,0,https://cdn.grofers.com/da/cms-assets/cms/product/caa015e3-9dfe-4ac0-a359-9dad218bb0e5.png,Mumbai,19.076,72.8777,13,2025-07-25T19:54:56.125Z
108721,Maggi Pazzta Mushroom Penne Instant Pasta,Maggi,35,35,0,68.5 g,Snacks & Munchies - Nachos,,In Stock,0,https://cdn.grofers.com/da/cms-assets/cms/product/370c07c5-519b-47c5-8cdf-c07ce7800851.png,Mumbai,19.076,72.8777,25,2025-07-25T19:54:56.125Z
589637,Zorabian Tandoori Chicken Tikka,Zorabian,141,141,0,250 g,Snacks & Munchies - Nachos,,In Stock,0,https://cdn.grofers.com/da/cms-assets/cms/product/040a37c9-a66a-4917-b050-1879e4a7758f.png,Mumbai,19.076,72.8777,5,2025-07-25T19:54:57.715Z
547329,Indomie Instant Noodles (Special Chicken),Indomie,115,115,0,75 g,Snacks & Munchies - Nachos,,In Stock,0,https://cdn.grofers.com/da/cms-assets/cms/product/94b55500-b0dd-4ff7-b75a-c047ecc8b657.png,Mumbai,19.076,72.8777,5,2025-07-25T19:54:57.715Z
613803,Kwality Custard Powder,Kwality,29,29,0,100 g,Snacks & Munchies - Nachos,,In Stock,0,https://cdn.grofers.com/da/cms-assets/cms/product/82313da8-d698-48e0-9a51-a2932d54b874.png,Mumbai,19.076,72.8777,8,2025-07-25T19:54:57.715Z
457413,Prasuma Chicken Chilli Salami,Prasuma,174,174,0,200 g,Snacks & Munchies - Nachos,,In Stock,0,https://cdn.grofers.com/da/cms-assets/cms/product/72dbe789-b91c-41ef-aff9-674015066ea9.png,Mumbai,19.076,72.8777,2,2025-07-25T19:54:57.715Z
486558,Switz Puff Dough Paratha (Frozen),Switz,105,105,0,400 g,Snacks & Munchies - Nachos,,In Stock,0,https://cdn.grofers.com/da/cms-assets/cms/product/434c92d1-062c-44b7-8a93-901d78be2789.png,Mumbai,19.076,72.8777,11,2025-07-25T19:54:57.715Z
591229,Keya Piri Piri Spice Mix Multipack,Keya,48,48,0,40 g,Snacks & Munchies - Nachos,,In Stock,0,https://cdn.grofers.com/da/cms-assets/cms/product/93d40458-ff79-4ba8-9c73-87e931f41bf4.png,Mumbai,19.076,72.8777,3,2025-07-25T19:54:57.715Z
477900,Safal Frozen Mixed Vegetables,Safal,78,78,0,500 g,Snacks & Munchies - Nachos,,In Stock,0,https://cdn.grofers.com/da/cms-assets/cms/product/f66f8460-e3f3-48a6-bf6f-9c9d0542aead.png,Mumbai,19.076,72.8777,8,2025-07-25T19:54:57.715Z
537039,Godrej Yummiez Medium Prawns,Godrej Yummiez,210,210,0,200 g,Snacks & Munchies - Nachos,,In Stock,0,https://cdn.grofers.com/da/cms-assets/cms/product/cc5acdbf-b833-45bd-9a1a-22a8fb252510.png,Mumbai,19.076,72.8777,5,2025-07-25T19:54:57.715Z
488036,Samyang Ramen Instant Noodles - Cheese Hot Chicken Flavour,Samyang,150,150,0,140 g,Snacks & Munchies - Nachos,,In Stock,0,https://cdn.grofers.com/da/cms-assets/cms/product/1b6a15c6-5170-4b6e-9fe8-af5121994e11.png,Mumbai,19.076,72.8777,13,2025-07-25T19:54:57.715Z
558095,The Whole Truth Almond Millet Cocoa Protein Bar,The Whole Truth,120,120,0,55 g,Snacks & Munchies - Nachos,,In Stock,0,https://cdn.grofers.com/da/cms-assets/cms/product/e0a4e296-c5c2-4b36-a045-d4f6c5db8a84.png,Mumbai,19.076,72.8777,5,2025-07-25T19:54:57.715Z
344458,Ching's Secret Manchow Soup,Ching's Secret,47,47,0,55 g,Snacks & Munchies - Nachos,,In Stock,0,https://cdn.grofers.com/da/cms-assets/cms/product/add3fd10-54c2-44f5-88dc-ee5426454b43.png,Mumbai,19.076,72.8777,2,2025-07-25T19:54:57.715Z
461012,Meatzza Hot & Spicy Chicken Seekh Kebab (Frozen),Meatzza,285,285,0,500 g,Snacks & Munchies - Nachos,,In Stock,0,https://cdn.grofers.com/da/cms-assets/cms/product/b9bb8145-80af-4cbc-842e-d465882b8cb5.png,Mumbai,19.076,72.8777,1,2025-07-25T19:54:57.715Z
488043,Samyang 2x Spicy Ramen Instant Noodles - Hot Chicken Flavour,Samyang,140,140,0,140 g,Snacks & Munchies - Nachos,,In Stock,0,https://cdn.grofers.com/da/cms-assets/cms/product/5fa93be9-19db-4e75-9a04-17d9656862aa.png,Mumbai,19.076,72.8777,6,2025-07-25T19:54:57.715Z
680955,Chokhi Dhani Ready to Eat Pav Bhaji,Chokhi Dhani,199,199,0,300 g,Snacks & Munchies - Nachos,,In Stock,0,https://cdn.grofers.com/da/cms-assets/cms/product/f36db5ef-fbe6-4a26-95e3-4e203b744ebc.png,Mumbai,19.076,72.8777,2,2025-07-25T19:54:57.715Z
122133,iD Idli & Dosa Batter (2 kg),iD,136,136,0,2 kg,Snacks & Munchies - Nachos,,In Stock,0,https://cdn.grofers.com/da/cms-assets/cms/product/e97eec14-c059-4b38-8cb3-3f111b25f2a7.png,Mumbai,19.076,72.8777,7,2025-07-25T19:54:57.715Z
537039,Godrej Yummiez Medium Prawns,Godrej Yummiez,210,210,0,200 g,Snacks & Munchies - Nachos,,In Stock,0,https://cdn.grofers.com/da/cms-assets/cms/product/cc5acdbf-b833-45bd-9a1a-22a8fb252510.png,Mumbai,19.076,72.8777,5,2025-07-25T19:54:59.258Z
488036,Samyang Ramen Instant Noodles - Cheese Hot Chicken Flavour,Samyang,150,150,0,140 g,Snacks & Munchies - Nachos,,In Stock,0,https://cdn.grofers.com/da/cms-assets/cms/product/1b6a15c6-5170-4b6e-9fe8-af5121994e11.png,Mumbai,19.076,72.8777,13,2025-07-25T19:54:59.258Z
558095,The Whole Truth Almond Millet Cocoa Protein Bar,The Whole Truth,120,120,0,55 g,Snacks & Munchies - Nachos,,In Stock,0,https://cdn.grofers.com/da/cms-assets/cms/product/e0a4e296-c5c2-4b36-a045-d4f6c5db8a84.png,Mumbai,19.076,72.8777,5,2025-07-25T19:54:59.258Z
344458,Ching's Secret Manchow Soup,Ching's Secret,47,47,0,55 g,Snacks & Munchies - Nachos,,In Stock,0,https://cdn.grofers.com/da/cms-assets/cms/product/add3fd10-54c2-44f5-88dc-ee5426454b43.png,Mumbai,19.076,72.8777,2,2025-07-25T19:54:59.258Z
461012,Meatzza Hot & Spicy Chicken Seekh Kebab (Frozen),Meatzza,285,285,0,500 g,Snacks & Munchies - Nachos,,In Stock,0,https://cdn.grofers.com/da/cms-assets/cms/product/b9bb8145-80af-4cbc-842e-d465882b8cb5.png,Mumbai,19.076,72.8777,1,2025-07-25T19:54:59.258Z
488043,Samyang 2x Spicy Ramen Instant Noodles - Hot Chicken Flavour,Samyang,140,140,0,140 g,Snacks & Munchies - Nachos,,In Stock,0,https://cdn.grofers.com/da/cms-assets/cms/product/5fa93be9-19db-4e75-9a04-17d9656862aa.png,Mumbai,19.076,72.8777,6,2025-07-25T19:54:59.258Z
680955,Chokhi Dhani Ready to Eat Pav Bhaji,Chokhi Dhani,199,199,0,300 g,Snacks & Munchies - Nachos,,In Stock,0,https://cdn.grofers.com/da/cms-assets/cms/product/f36db5ef-fbe6-4a26-95e3-4e203b744ebc.png,Mumbai,19.076,72.8777,2,2025-07-25T19:54:59.258Z
122133,iD Idli & Dosa Batter (2 kg),iD,136,136,0,2 kg,Snacks & Munchies - Nachos,,In Stock,0,https://cdn.grofers.com/da/cms-assets/cms/product/e97eec14-c059-4b38-8cb3-3f111b25f2a7.png,Mumbai,19.076,72.8777,7,2025-07-25T19:54:59.258Z
179771,Maggi Nutri-Licious Masala Veg Atta Instant Noodles,Maggi,112,112,0,290 g,Snacks & Munchies - Nachos,,In Stock,0,https://cdn.grofers.com/da/cms-assets/cms/product/6ddc6dbc-63b4-4438-b8f5-a50853c22f22.png,Mumbai,19.076,72.8777,12,2025-07-25T19:54:59.258Z
484738,Weikfield Ready To Eat Custard (Vanilla),Weikfield,59,59,0,200 ml,Snacks & Munchies - Nachos,,In Stock,0,https://cdn.grofers.com/da/cms-assets/cms/product/02af3d56-77ed-4705-823f-a6e2a516a935.png,Mumbai,19.076,72.8777,2,2025-07-25T19:54:59.258Z
513225,Snapin Piri Piri Mix Seasoning,Snapin,90,90,0,50 g,Snacks & Munchies - Nachos,,In Stock,0,https://cdn.grofers.com/da/cms-assets/cms/product/51609f22-11b5-4dc0-a66a-c37fe7eb81a0.png,Mumbai,19.076,72.8777,4,2025-07-25T19:54:59.258Z
497363,Wow! Momo Chicken Cheese Chicken Momos (Frozen),Wow! Momo,159,159,0,1 pack (10 pieces),Snacks & Munchies - Nachos,,In Stock,0,https://cdn.grofers.com/da/cms-assets/cms/product/7df5c8ae-a8cf-42e7-ae7f-32da58ea1929.png,Mumbai,19.076,72.8777,5,2025-07-25T19:54:59.258Z
15665,Venky's Chicken Burger Patty (Frozen),Venky's,265,265,0,500 g,Snacks & Munchies - Nachos,,In Stock,0,https://cdn.grofers.com/da/cms-assets/cms/product/120b4323-55b6-49a1-ba65-a0db1df51962.png,Mumbai,19.076,72.8777,2,2025-07-25T19:54:59.258Z
538967,Zorabian Chicken Samosa,Zorabian,188,188,0,250 g,Snacks & Munchies - Nachos,,In Stock,0,https://cdn.grofers.com/da/cms-assets/cms/product/e7019049-bc92-4eea-81da-f1ec081ac279.png,Mumbai,19.076,72.8777,1,2025-07-25T19:54:59.258Z
406805,RiteBite Max Protein Daily Choco Berry 10 g Protein Bar - Pack of 2,RiteBite,153,153,0,2 x 50 g,Snacks & Munchies - Nachos,,In Stock,0,https://cdn.grofers.com/da/cms-assets/cms/product/35e6f086-86ed-496c-b9a6-bff4fb35bf17.png,Mumbai,19.076,72.8777,17,2025-07-25T19:54:59.258Z
680955,Chokhi Dhani Ready to Eat Pav Bhaji,Chokhi Dhani,199,199,0,300 g,Snacks & Munchies - Nachos,,In Stock,0,https://cdn.grofers.com/da/cms-assets/cms/product/f36db5ef-fbe6-4a26-95e3-4e203b744ebc.png,Mumbai,19.076,72.8777,2,2025-07-25T19:55:01.393Z
122133,iD Idli & Dosa Batter (2 kg),iD,136,136,0,2 kg,Snacks & Munchies - Nachos,,In Stock,0,https://cdn.grofers.com/da/cms-assets/cms/product/e97eec14-c059-4b38-8cb3-3f111b25f2a7.png,Mumbai,19.076,72.8777,7,2025-07-25T19:55:01.393Z
179771,Maggi Nutri-Licious Masala Veg Atta Instant Noodles,Maggi,112,112,0,290 g,Snacks & Munchies - Nachos,,In Stock,0,https://cdn.grofers.com/da/cms-assets/cms/product/6ddc6dbc-63b4-4438-b8f5-a50853c22f22.png,Mumbai,19.076,72.8777,12,2025-07-25T19:55:01.393Z
484738,Weikfield Ready To Eat Custard (Vanilla),Weikfield,59,59,0,200 ml,Snacks & Munchies - Nachos,,In Stock,0,https://cdn.grofers.com/da/cms-assets/cms/product/02af3d56-77ed-4705-823f-a6e2a516a935.png,Mumbai,19.076,72.8777,2,2025-07-25T19:55:01.393Z
513225,Snapin Piri Piri Mix Seasoning,Snapin,90,90,0,50 g,Snacks & Munchies - Nachos,,In Stock,0,https://cdn.grofers.com/da/cms-assets/cms/product/51609f22-11b5-4dc0-a66a-c37fe7eb81a0.png,Mumbai,19.076,72.8777,4,2025-07-25T19:55:01.393Z
497363,Wow! Momo Chicken Cheese Chicken Momos (Frozen),Wow! Momo,159,159,0,1 pack (10 pieces),Snacks & Munchies - Nachos,,In Stock,0,https://cdn.grofers.com/da/cms-assets/cms/product/7df5c8ae-a8cf-42e7-ae7f-32da58ea1929.png,Mumbai,19.076,72.8777,5,2025-07-25T19:55:01.393Z
15665,Venky's Chicken Burger Patty (Frozen),Venky's,265,265,0,500 g,Snacks & Munchies - Nachos,,In Stock,0,https://cdn.grofers.com/da/cms-assets/cms/product/120b4323-55b6-49a1-ba65-a0db1df51962.png,Mumbai,19.076,72.8777,2,2025-07-25T19:55:01.393Z
538967,Zorabian Chicken Samosa,Zorabian,188,188,0,250 g,Snacks & Munchies - Nachos,,In Stock,0,https://cdn.grofers.com/da/cms-assets/cms/product/e7019049-bc92-4eea-81da-f1ec081ac279.png,Mumbai,19.076,72.8777,1,2025-07-25T19:55:01.393Z
406805,RiteBite Max Protein Daily Choco Berry 10 g Protein Bar - Pack of 2,RiteBite,153,153,0,2 x 50 g,Snacks & Munchies - Nachos,,In Stock,0,https://cdn.grofers.com/da/cms-assets/cms/product/35e6f086-86ed-496c-b9a6-bff4fb35bf17.png,Mumbai,19.076,72.8777,17,2025-07-25T19:55:01.393Z
62716,Godrej Yummiez Chicken Breakfast Salami (Frozen),Godrej Yummiez,159,159,0,250 g,Snacks & Munchies - Nachos,,In Stock,0,https://cdn.grofers.com/da/cms-assets/cms/product/104c2219-cd32-4901-a420-c08669c3488b.png,Mumbai,19.076,72.8777,5,2025-07-25T19:55:01.393Z
512571,Biryani with Shahi Gravy by MOM - Meal Of The Moment,MOM - Meal Of The Moment,121,121,0,140 g,Snacks & Munchies - Nachos,,In Stock,0,https://cdn.grofers.com/da/cms-assets/cms/product/7d07fd78-be54-440d-8e60-ac0a10ab2247.png,Mumbai,19.076,72.8777,1,2025-07-25T19:55:01.393Z
443385,Slurrp Farm Beetroot Dosa Mix,Slurrp Farm,119,119,0,150 g,Snacks & Munchies - Nachos,,In Stock,0,https://cdn.grofers.com/da/cms-assets/cms/product/eb5332a0-9816-4e95-9cec-0b66be38c746.png,Mumbai,19.076,72.8777,1,2025-07-25T19:55:01.393Z
452646,ITC Master Chef Crispy French Fries,ITC Master Chef,94,94,0,420 g,Snacks & Munchies - Nachos,,In Stock,0,https://cdn.grofers.com/da/cms-assets/cms/product/f8befea8-d391-4265-b517-4777b823b5b6.png,Mumbai,19.076,72.8777,9,2025-07-25T19:55:01.393Z
597,Act II Butter Popcorn - Microwave,Act II,27,27,0,33 g,Snacks & Munchies - Nachos,,In Stock,0,https://cdn.grofers.com/da/cms-assets/cms/product/ca315fda-9996-4d93-a499-42d1ca4aacf6.png,Mumbai,19.076,72.8777,30,2025-07-25T19:55:01.393Z
442165,Disano Penne Pasta (100 % Durum Wheat),Disano,76,76,0,500 g,Snacks & Munchies - Nachos,,In Stock,0,https://cdn.grofers.com/da/cms-assets/cms/product/e10fa8b9-84d6-4665-add3-feb7e1d47dcf.png,Mumbai,19.076,72.8777,3,2025-07-25T19:55:01.393Z
443386,Slurrp Farm Spinach Dosa Mix,Slurrp Farm,119,119,0,150 g,Snacks & Munchies - Nachos,,In Stock,0,https://cdn.grofers.com/da/cms-assets/cms/product/cc18124f-3125-4f6d-ae69-a2f03eb6c473.png,Mumbai,19.076,72.8777,1,2025-07-25T19:55:02.973Z
589641,Zorabian Malai Chicken Tikka,Zorabian,141,141,0,250 g,Snacks & Munchies - Nachos,,In Stock,0,https://cdn.grofers.com/da/cms-assets/cms/product/298ca53a-60ff-45f3-855e-b5c0fee271bc.png,Mumbai,19.076,72.8777,3,2025-07-25T19:55:02.973Z
371903,Chef's Basket Durum Wheat Fusilli Domestic Pasta,Chef's Basket,88,88,0,500 g,Snacks & Munchies - Nachos,,In Stock,0,https://cdn.grofers.com/da/cms-assets/cms/product/9519b002-e9eb-4276-b19a-abe9ca16ab9c.png,Mumbai,19.076,72.8777,4,2025-07-25T19:55:02.973Z
690,Borges Spaghetti Pasta,Borges,203,203,0,500 g,Snacks & Munchies - Nachos,,In Stock,0,https://cdn.grofers.com/da/cms-assets/cms/product/2f9c7d25-61cd-41c1-9544-4c23ed18612c.png,Mumbai,19.076,72.8777,6,2025-07-25T19:55:02.973Z
444783,Salsalito Mini Taco Shell,Salsalito,110,110,0,12 pieces,Snacks & Munchies - Nachos,,In Stock,0,https://cdn.grofers.com/da/cms-assets/cms/product/40a10b33-c5da-4528-8c82-c9071a194860.png,Mumbai,19.076,72.8777,2,2025-07-25T19:55:02.973Z
457414,Prasuma Pork Sausage,Prasuma,240,240,0,250 g,Snacks & Munchies - Nachos,,In Stock,0,https://cdn.grofers.com/da/cms-assets/cms/product/c28ef799-36d9-463a-8fa4-ebf27700f361.png,Mumbai,19.076,72.8777,2,2025-07-25T19:55:02.973Z
17336,RiteBite Choco Delite 4g Protein Bar,RiteBite,44,44,0,40 g,Snacks & Munchies - Nachos,,In Stock,0,https://cdn.grofers.com/da/cms-assets/cms/product/1df2f222-87b0-4505-8a00-78612d802a99.png,Mumbai,19.076,72.8777,23,2025-07-25T19:55:02.973Z
503418,The Whole Truth 20 g Protein Bar - Coffee Cocoa,The Whole Truth,144,144,0,67 g,Snacks & Munchies - Nachos,,In Stock,0,https://cdn.grofers.com/da/cms-assets/cms/product/39535c97-08dc-4d68-b7bb-a40e3eb73264.png,Mumbai,19.076,72.8777,1,2025-07-25T19:55:02.973Z
3559,Godrej Yummiez Chilli Chicken Sausage (Frozen),Godrej Yummiez,169,169,0,250 g,Snacks & Munchies - Nachos,,In Stock,0,https://cdn.grofers.com/da/cms-assets/cms/product/9d0b7411-90fd-4be3-8067-b11a61f8699c.png,Mumbai,19.076,72.8777,2,2025-07-25T19:55:02.973Z
10784,McCain Veggie Fingers (Frozen),McCain,175,175,0,400 g,Snacks & Munchies - Nachos,,In Stock,0,https://cdn.grofers.com/da/cms-assets/cms/product/aab045f7-a350-4293-9311-6d12bafd6106.png,Mumbai,19.076,72.8777,4,2025-07-25T19:55:02.973Z
35924,Gits Veg Biryani Ready to Eat,Gits,160,160,0,265 g,Snacks & Munchies - Nachos,,In Stock,0,https://cdn.grofers.com/da/cms-assets/cms/product/6f9986a1-3131-4341-aa0d-605291384175.png,Mumbai,19.076,72.8777,1,2025-07-25T19:55:02.973Z
582236,Saffola Masala Millet Delight,Saffola,19,19,0,35 g,Snacks & Munchies - Nachos,,In Stock,0,https://cdn.grofers.com/da/cms-assets/cms/product/82499b87-ec30-4d4e-ab7b-59b80758f28f.png,Mumbai,19.076,72.8777,16,2025-07-25T19:55:02.973Z
452656,ITC Master Chef Chicken Popcorn,ITC Master Chef,311,311,0,500 g,Snacks & Munchies - Nachos,,In Stock,0,https://cdn.grofers.com/da/cms-assets/cms/product/75aea7eb-99e8-42f1-81ec-0847c22f43ac.png,Mumbai,19.076,72.8777,2,2025-07-25T19:55:02.973Z
229371,On1y Parsley Leaves,On1y,89,89,0,9 g,Snacks & Munchies - Nachos,,In Stock,0,https://cdn.grofers.com/da/cms-assets/cms/product/815ce5db-e664-4271-8722-29153efd0c67.png,Mumbai,19.076,72.8777,3,2025-07-25T19:55:02.973Z
544208,The Whole Truth Protein Bar Assorted,The Whole Truth,437,437,0,8 x 27 g,Snacks & Munchies - Nachos,,In Stock,0,https://cdn.grofers.com/da/cms-assets/cms/product/8fe6bb3c-754b-4a3a-b9b5-b1fae6dff99a.png,Mumbai,19.076,72.8777,1,2025-07-25T19:55:02.973Z
568015,ITC Master Chef Sabudana Tikki,ITC Master Chef,135,135,0,320 g,Snacks & Munchies - Nachos,,In Stock,0,https://cdn.grofers.com/da/cms-assets/cms/product/ea60f541-b432-4742-a7ab-f20ac0803e68.png,Mumbai,19.076,72.8777,1,2025-07-25T19:55:04.535Z
570413,iD Fresh Aloo Paratha,iD Fresh,119,119,0,4 pieces,Snacks & Munchies - Nachos,,In Stock,0,https://cdn.grofers.com/da/cms-assets/cms/product/31e696b5-e97c-4cdf-b5aa-34279bef32f6.png,Mumbai,19.076,72.8777,5,2025-07-25T19:55:04.535Z
477236,Nongshim Big Bowl Shin Kimchi Noodles,Nongshim,180,180,0,112 g,Snacks & Munchies - Nachos,,In Stock,0,https://cdn.grofers.com/da/cms-assets/cms/product/ee0566b9-2e81-4624-82ba-2bf278fb52b1.png,Mumbai,19.076,72.8777,2,2025-07-25T19:55:04.535Z
539710,Prasuma Peri Peri Chicken Momos,Prasuma,198,198,0,250 g,Snacks & Munchies - Nachos,,In Stock,0,https://cdn.grofers.com/da/cms-assets/cms/product/5a4c171d-8bb0-459a-82fb-905c701b28e1.png,Mumbai,19.076,72.8777,2,2025-07-25T19:55:04.535Z
341,MTR Badam Drink Mix,MTR,255,255,0,500 g,Snacks & Munchies - Nachos,,In Stock,0,https://cdn.grofers.com/da/cms-assets/cms/product/90844811-e147-4817-aaa0-5bfe41718c4f.png,Mumbai,19.076,72.8777,1,2025-07-25T19:55:04.535Z
560258,McCain Variety Pack Frozen Snack,McCain,175,175,0,550 g,Snacks & Munchies - Nachos,,In Stock,0,https://cdn.grofers.com/da/cms-assets/cms/product/8be3e5fb-b8b9-4349-bd21-ca9773853522.png,Mumbai,19.076,72.8777,2,2025-07-25T19:55:04.535Z
379584,SPT Frozen Green Peas,SPT,86,86,0,500 g,Snacks & Munchies - Nachos,,In Stock,0,https://cdn.grofers.com/da/cms-assets/cms/product/1626d372-8aaa-4466-8c3c-53e03fce2c6e.png,Mumbai,19.076,72.8777,9,2025-07-25T19:55:04.535Z
570841,Knorr Spicy Korean Kimchi Soup with No Added Preservatives,Knorr,63,63,0,49 g,Snacks & Munchies - Nachos,,In Stock,0,https://cdn.grofers.com/da/cms-assets/cms/product/1786ea54-5023-4531-ad5b-2f0a04e90959.png,Mumbai,19.076,72.8777,1,2025-07-25T19:55:04.535Z
529884,Gadre Tilapia Fish Fingers,Gadre,221,221,0,200 g,Snacks & Munchies - Nachos,,In Stock,0,https://cdn.grofers.com/da/cms-assets/cms/product/3d495374-c9d4-44da-958f-cd255cb8dd79.png,Mumbai,19.076,72.8777,2,2025-07-25T19:55:04.535Z
108099,Knorr Mast Masala Soupy Noodles,Knorr,20,20,0,70 g,Snacks & Munchies - Nachos,,In Stock,0,https://cdn.grofers.com/da/cms-assets/cms/product/fd5cc8dc-5204-452b-8358-cce2cb7917cf.png,Mumbai,19.076,72.8777,50,2025-07-25T19:55:04.535Z
682,Borges Penne Rigate Durum Wheat Pasta,Borges,203,203,0,500 g,Snacks & Munchies - Nachos,,In Stock,0,https://cdn.grofers.com/da/cms-assets/cms/product/fd50ad99-11e3-40cf-90dd-947b03e519d8.png,Mumbai,19.076,72.8777,3,2025-07-25T19:55:04.535Z
498728,Aashirvaad Aloo Paratha (Heat & Eat),Aashirvaad,128,128,0,400 g,Snacks & Munchies - Nachos,,In Stock,0,https://cdn.grofers.com/da/cms-assets/cms/product/5501d5ef-61d2-42e9-b317-c8adeca80f11.png,Mumbai,19.076,72.8777,2,2025-07-25T19:55:04.535Z
498731,Aashirvaad Malabar Paratha (Heat & Eat),Aashirvaad,128,128,0,400 g,Snacks & Munchies - Nachos,,In Stock,0,https://cdn.grofers.com/da/cms-assets/cms/product/f268361a-8945-4953-9bf4-2f65cdd59fee.png,Mumbai,19.076,72.8777,8,2025-07-25T19:55:04.535Z
658,Sunfeast Yipee 100% Suji Masala Instant Pasta Treat,Sunfeast,35,35,0,70 g,Snacks & Munchies - Nachos,,In Stock,0,https://cdn.grofers.com/da/cms-assets/cms/product/cdc66d6c-90eb-49b1-9e10-554e72d19012.png,Mumbai,19.076,72.8777,13,2025-07-25T19:55:04.535Z
573189,Orika Peri Peri Masala /Seasoning,Orika,90,90,0,65 x 1 g,Snacks & Munchies - Nachos,,In Stock,0,https://cdn.grofers.com/da/cms-assets/cms/product/c7e7af32-2a68-427c-9263-d4b4240932d2.png,Mumbai,19.076,72.8777,1,2025-07-25T19:55:04.535Z
379584,SPT Frozen Green Peas,SPT,86,86,0,500 g,Snacks & Munchies - Nachos,,In Stock,0,https://cdn.grofers.com/da/cms-assets/cms/product/1626d372-8aaa-4466-8c3c-53e03fce2c6e.png,Mumbai,19.076,72.8777,9,2025-07-25T19:55:06.057Z
570841,Knorr Spicy Korean Kimchi Soup with No Added Preservatives,Knorr,63,63,0,49 g,Snacks & Munchies - Nachos,,In Stock,0,https://cdn.grofers.com/da/cms-assets/cms/product/1786ea54-5023-4531-ad5b-2f0a04e90959.png,Mumbai,19.076,72.8777,1,2025-07-25T19:55:06.057Z
529884,Gadre Tilapia Fish Fingers,Gadre,221,221,0,200 g,Snacks & Munchies - Nachos,,In Stock,0,https://cdn.grofers.com/da/cms-assets/cms/product/3d495374-c9d4-44da-958f-cd255cb8dd79.png,Mumbai,19.076,72.8777,2,2025-07-25T19:55:06.057Z
108099,Knorr Mast Masala Soupy Noodles,Knorr,20,20,0,70 g,Snacks & Munchies - Nachos,,In Stock,0,https://cdn.grofers.com/da/cms-assets/cms/product/fd5cc8dc-5204-452b-8358-cce2cb7917cf.png,Mumbai,19.076,72.8777,50,2025-07-25T19:55:06.057Z
682,Borges Penne Rigate Durum Wheat Pasta,Borges,203,203,0,500 g,Snacks & Munchies - Nachos,,In Stock,0,https://cdn.grofers.com/da/cms-assets/cms/product/fd50ad99-11e3-40cf-90dd-947b03e519d8.png,Mumbai,19.076,72.8777,3,2025-07-25T19:55:06.057Z
498728,Aashirvaad Aloo Paratha (Heat & Eat),Aashirvaad,128,128,0,400 g,Snacks & Munchies - Nachos,,In Stock,0,https://cdn.grofers.com/da/cms-assets/cms/product/5501d5ef-61d2-42e9-b317-c8adeca80f11.png,Mumbai,19.076,72.8777,2,2025-07-25T19:55:06.057Z
498731,Aashirvaad Malabar Paratha (Heat & Eat),Aashirvaad,128,128,0,400 g,Snacks & Munchies - Nachos,,In Stock,0,https://cdn.grofers.com/da/cms-assets/cms/product/f268361a-8945-4953-9bf4-2f65cdd59fee.png,Mumbai,19.076,72.8777,8,2025-07-25T19:55:06.057Z
658,Sunfeast Yipee 100% Suji Masala Instant Pasta Treat,Sunfeast,35,35,0,70 g,Snacks & Munchies - Nachos,,In Stock,0,https://cdn.grofers.com/da/cms-assets/cms/product/cdc66d6c-90eb-49b1-9e10-554e72d19012.png,Mumbai,19.076,72.8777,13,2025-07-25T19:55:06.057Z
573189,Orika Peri Peri Masala /Seasoning,Orika,90,90,0,65 x 1 g,Snacks & Munchies - Nachos,,In Stock,0,https://cdn.grofers.com/da/cms-assets/cms/product/c7e7af32-2a68-427c-9263-d4b4240932d2.png,Mumbai,19.076,72.8777,1,2025-07-25T19:55:06.057Z
618625,Yoga Bar Choco Peanut Butter Protein Bar,Yoga Bar,73,73,0,50 g,Snacks & Munchies - Nachos,,In Stock,0,https://cdn.grofers.com/da/cms-assets/cms/product/eaecb992-617f-47ea-91bd-5cdb27fa3628.png,Mumbai,19.076,72.8777,3,2025-07-25T19:55:06.057Z
628202,Yoga Bar Choco Peanut Butter Mini Protein Bar,Yoga Bar,149,149,0,7 x 20 g,Snacks & Munchies - Nachos,,In Stock,0,https://cdn.grofers.com/da/cms-assets/cms/product/75c914b0-1460-445f-8ee9-a1e37bf35eb3.png,Mumbai,19.076,72.8777,2,2025-07-25T19:55:06.057Z
557380,Khetika Fresh Idli Dosa Batter,Khetika,91,91,0,1 kg,Snacks & Munchies - Nachos,,In Stock,0,https://cdn.grofers.com/da/cms-assets/cms/product/7e30c059-a9af-4bde-9ebf-bedbe8e534b9.png,Mumbai,19.076,72.8777,3,2025-07-25T19:55:06.057Z
569148,Dr. Oetker Kuppies Apple Cinnamon Waffle,Dr. Oetker,89,89,0,180 g,Snacks & Munchies - Nachos,,In Stock,0,https://cdn.grofers.com/da/cms-assets/cms/product/41a615c8-45b7-428d-ba38-d44068f0f72d.png,Mumbai,19.076,72.8777,2,2025-07-25T19:55:06.057Z
547351,Indomie Chicken Flavour Instant Noodles,Indomie,100,100,0,1 pack (5 x 70 g),Snacks & Munchies - Nachos,,In Stock,0,https://cdn.grofers.com/da/cms-assets/cms/product/71eac77b-ede4-44cc-98ae-e3f6ceee2ed3.png,Mumbai,19.076,72.8777,2,2025-07-25T19:55:06.057Z
396343,McCain Crazy French Fries with Masala Mix (Hot n Tangy),McCain,170,170,0,400 g,Snacks & Munchies - Nachos,,In Stock,0,https://cdn.grofers.com/da/cms-assets/cms/product/f99d8080-a82c-425f-a61b-db5500a86713.png,Mumbai,19.076,72.8777,9,2025-07-25T19:55:06.057Z
618625,Yoga Bar Choco Peanut Butter Protein Bar,Yoga Bar,73,73,0,50 g,Snacks & Munchies - Nachos,,In Stock,0,https://cdn.grofers.com/da/cms-assets/cms/product/eaecb992-617f-47ea-91bd-5cdb27fa3628.png,Mumbai,19.076,72.8777,3,2025-07-25T19:55:08.672Z
628202,Yoga Bar Choco Peanut Butter Mini Protein Bar,Yoga Bar,149,149,0,7 x 20 g,Snacks & Munchies - Nachos,,In Stock,0,https://cdn.grofers.com/da/cms-assets/cms/product/75c914b0-1460-445f-8ee9-a1e37bf35eb3.png,Mumbai,19.076,72.8777,2,2025-07-25T19:55:08.672Z
557380,Khetika Fresh Idli Dosa Batter,Khetika,91,91,0,1 kg,Snacks & Munchies - Nachos,,In Stock,0,https://cdn.grofers.com/da/cms-assets/cms/product/7e30c059-a9af-4bde-9ebf-bedbe8e534b9.png,Mumbai,19.076,72.8777,3,2025-07-25T19:55:08.672Z
569148,Dr. Oetker Kuppies Apple Cinnamon Waffle,Dr. Oetker,89,89,0,180 g,Snacks & Munchies - Nachos,,In Stock,0,https://cdn.grofers.com/da/cms-assets/cms/product/41a615c8-45b7-428d-ba38-d44068f0f72d.png,Mumbai,19.076,72.8777,2,2025-07-25T19:55:08.672Z
547351,Indomie Chicken Flavour Instant Noodles,Indomie,100,100,0,1 pack (5 x 70 g),Snacks & Munchies - Nachos,,In Stock,0,https://cdn.grofers.com/da/cms-assets/cms/product/71eac77b-ede4-44cc-98ae-e3f6ceee2ed3.png,Mumbai,19.076,72.8777,2,2025-07-25T19:55:08.672Z
396343,McCain Crazy French Fries with Masala Mix (Hot n Tangy),McCain,170,170,0,400 g,Snacks & Munchies - Nachos,,In Stock,0,https://cdn.grofers.com/da/cms-assets/cms/product/f99d8080-a82c-425f-a61b-db5500a86713.png,Mumbai,19.076,72.8777,9,2025-07-25T19:55:08.672Z
338957,iD Whole Wheat Chapati (10 pieces),iD,79,79,0,400 g,Snacks & Munchies - Nachos,,In Stock,0,https://cdn.grofers.com/da/cms-assets/cms/product/7971171b-ed7f-4bfb-b3d4-2191ad86b113.png,Mumbai,19.076,72.8777,2,2025-07-25T19:55:08.672Z
474096,On1y Black Pepper & Pink Salt Grinder,On1y,137,137,0,80 g,Snacks & Munchies - Nachos,,In Stock,0,https://cdn.grofers.com/da/cms-assets/cms/product/63a20bef-4180-43ba-aa6e-36c6392b0732.png,Mumbai,19.076,72.8777,2,2025-07-25T19:55:08.672Z
529369,Gadre Surimi Crab Claw Amritsari,Gadre,255,255,0,250 g,Snacks & Munchies - Nachos,,In Stock,0,https://cdn.grofers.com/da/cms-assets/cms/product/750d8273-abfb-4dde-94f4-14ab04b0d878.png,Mumbai,19.076,72.8777,1,2025-07-25T19:55:08.672Z
442167,Disano Elbow Pasta (100 % Durum Wheat),Disano,65,65,0,500 g,Snacks & Munchies - Nachos,,In Stock,0,https://cdn.grofers.com/da/cms-assets/cms/product/6479cd0f-6a8b-4428-bdcf-cf1a83d204de.png,Mumbai,19.076,72.8777,3,2025-07-25T19:55:08.672Z
532241,True Elements Dark Chocolate Granola,True Elements,287,287,0,400 g,Snacks & Munchies - Nachos,,In Stock,0,https://cdn.grofers.com/da/cms-assets/cms/product/dafbc5ab-e7cb-481f-a2bf-8ccbf6ce4b41.png,Mumbai,19.076,72.8777,1,2025-07-25T19:55:08.672Z
451833,Aashirvaad Instant Khatta Meetha Poha Ready to Eat,Aashirvaad,29,29,0,60 g,Snacks & Munchies - Nachos,,In Stock,0,https://cdn.grofers.com/da/cms-assets/cms/product/e1c6211e-72a2-403b-b009-754b361121c5.png,Mumbai,19.076,72.8777,1,2025-07-25T19:55:08.672Z
538315,Samyang Buldak Carbonara Hot Chicken Ramen Cup Noodles,Samyang,135,135,0,80 g,Snacks & Munchies - Nachos,,In Stock,0,https://cdn.grofers.com/da/cms-assets/cms/product/b5d11aa6-5986-4597-8b24-2c5e6483574c.png,Mumbai,19.076,72.8777,9,2025-07-25T19:55:08.672Z
554596,RiteBite Max Protein Choco Almond 30 g Protein Bar,RiteBite,168,168,0,100 g,Snacks & Munchies - Nachos,,In Stock,0,https://cdn.grofers.com/da/cms-assets/cms/product/f02a639a-c610-4fe4-b339-e0c3d5a9026b.png,Mumbai,19.076,72.8777,4,2025-07-25T19:55:08.672Z
206596,Weikfield Mango Jelly Mix,Weikfield,58,58,0,90 g,Snacks & Munchies - Nachos,,In Stock,0,https://cdn.grofers.com/da/cms-assets/cms/product/50dfd961-fbe3-43a5-a601-19f88a79a2c1.png,Mumbai,19.076,72.8777,1,2025-07-25T19:55:08.672Z
